<keymap version="1" name="Default copy" parent="Mac OS X 10.5+">
  <action id="CodeCompletion">
    <keyboard-shortcut first-keystroke="meta space" />
  </action>
  <action id="CompareTwoFiles" />
  <action id="Diff.ShowDiff" />
  <action id="Diff.ShowSettingsPopup" />
  <action id="EditorDuplicate">
    <keyboard-shortcut first-keystroke="shift meta d" />
  </action>
  <action id="FileChooser.GotoDesktop" />
  <action id="FileStructurePopup">
    <keyboard-shortcut first-keystroke="meta r" />
  </action>
  <action id="GotoPreviousError">
    <keyboard-shortcut first-keystroke="meta back_quote" />
  </action>
  <action id="MembersPullUp">
    <keyboard-shortcut first-keystroke="ctrl meta alt p" />
  </action>
  <action id="NextProjectWindow" />
  <action id="RecentProjectListGroup">
    <keyboard-shortcut first-keystroke="shift meta p" />
  </action>
  <action id="Refresh" />
  <action id="RenameElement">
    <keyboard-shortcut first-keystroke="shift f6" />
    <mouse-shortcut keystroke="meta button3" />
  </action>
  <action id="Replace" />
  <action id="Rerun" />
  <action id="SelectNextOccurrence">
    <keyboard-shortcut first-keystroke="meta d" />
  </action>
  <action id="SendEOF" />
  <action id="ShelvedChanges.Diff" />
  <action id="SplitHorizontally">
    <keyboard-shortcut first-keystroke="shift alt 1" />
  </action>
  <action id="SplitVertically">
    <keyboard-shortcut first-keystroke="alt 1" />
  </action>
  <action id="SwitchApply">
    <keyboard-shortcut first-keystroke="ctrl alt enter" />
  </action>
  <action id="SwitchDown">
    <keyboard-shortcut first-keystroke="ctrl alt down" />
  </action>
  <action id="SwitchLeft">
    <keyboard-shortcut first-keystroke="ctrl alt left" />
  </action>
  <action id="SwitchRight">
    <keyboard-shortcut first-keystroke="ctrl alt right" />
  </action>
  <action id="SwitchUp">
    <keyboard-shortcut first-keystroke="ctrl alt up" />
  </action>
  <action id="Uml.ShowDiff" />
  <action id="UsageView.Rerun" />
  <action id="XDebugger.CopyWatch" />
  <action id="openAssertEqualsDiff" />
</keymap>