<application>
  <component name="WebServers">
    <option name="servers">
      <webServer id="24d72880-bd28-465a-adf2-f4095c3bd4a0" name="Location Module" url="http://localhost:8085">
        <fileTransfer port="0" accessType="LOCAL" />
      </webServer>
      <webServer id="c2168857-233d-4eae-b19d-db45e3033422" name="Passenger Oauth" url="http://passenger-oauth.dev">
        <fileTransfer port="0" accessType="LOCAL" />
      </webServer>
      <webServer id="34236736-efed-4c15-9074-d31a5425f7fa" name="Driver OAuth" url="http://driver-oauth.dev">
        <fileTransfer port="0" accessType="LOCAL" />
      </webServer>
      <webServer id="9c4bf37c-9976-4874-a267-bedea151b0ea" name="Snapp Web API" url="http://snapp-web-api.dev">
        <fileTransfer port="0" accessType="LOCAL" />
      </webServer>
      <webServer id="eaa653f7-543c-449c-88cd-21dc12ab90cc" name="Corporate API" url="http://corporate-api.dev">
        <fileTransfer port="0" accessType="LOCAL" />
      </webServer>
      <webServer id="70b93054-12e3-40a7-9629-41c51d6cc7c2" name="Base API" url="http://base-api">
        <fileTransfer port="0" accessType="LOCAL" />
      </webServer>
      <webServer id="10fe096a-18a8-4cb9-9cdd-6e334ae9a1ac" name="Base API (1)" url="http://base-api.dev">
        <fileTransfer port="0" accessType="LOCAL" />
      </webServer>
      <webServer id="d4587f41-333d-437c-80a1-d8ec6ad61214" name="Auth Module Test" url="http://auth-module-test.dev">
        <fileTransfer port="0" accessType="LOCAL" />
      </webServer>
      <webServer id="8d21c529-25ed-40ab-b06c-4638e2719b36" name="SSO" url="http://sso.dev">
        <fileTransfer port="0" accessType="LOCAL" />
      </webServer>
      <webServer id="7d3af23d-74c1-43b7-b9c5-beffcb8a5ad0" name="SSO Test" url="http://localhost:3000">
        <fileTransfer port="0" accessType="LOCAL" />
      </webServer>
      <webServer id="4c35b571-913b-4bb2-ad76-441a046b3467" name="http://localhost:8080" url="http://localhost">
        <fileTransfer port="0" accessType="LOCAL" />
      </webServer>
    </option>
  </component>
</application>